title,first_author,year,region,country_or_basin,cmip_generation,scenarios,baseline_period,projection_periods,index_type,model_type,gcm_rcm_info,downscaling_method,projected_change_notes,projected_change_numeric,uncertainty_notes,key_finding_short
Downscaled climate model erosivity projections and drivers of change across distinct climate regions,Bulovic,2024,Queensland,Australia – Queensland,both,"RCP4.5, RCP8.5; SSP2-4.5, SSP3-7.0",1981–2010,2040–2069 (mid-century); 2070–2099 (end-century),R-factor (EI30),RUSLE; daily R-factor model,11 CMIP5 GCMs + 15 CMIP6 GCMs downscaled with CCAM,dynamical downscaling with CCAM; QDM bias correction,"Increases across most of the state, especially in desert and grassland regions; decreases near the coast in equatorial and tropical regions.",Queensland overall: +9.7% (RCP4.5) to +9.9% (RCP8.5) by 2070–2099; Desert: +27.9% to +46%; Grasslands: +18.1% to +19.1%; Equatorial coastal: ?4.7% to ?10.4%,model spread (choice of GCM); stationarity assumptions of sub-daily rainfall intensities,"Rainfall erosivity is projected to increase across most of Queensland, particularly in the arid interior. CMIP6 models suggest smaller increases and narrower ensemble spread than CMIP5."
Evaluating downscaled CMIP5 and CMIP6 for rainfall erosivity projections,Bulovic,2023,Queensland,Australia – Queensland,both,,1981–2010,2070–2099,Rainfall erosivity,RUSLE,,dynamical downscaling (10 km resolution),,,ensemble uncertainty; CMIP version impact,CMIP6 models provide a narrower ensemble spread for future erosivity projections compared to the CMIP5 generation.
CMIP6 projections indicate more erosive events across Australia,Bulovic,2023,Australia,Australia,CMIP6,,,,,,downscaled CMIP6,,projections indicate more erosive events,,,Future CMIP6 climate projections indicate a potential increase in the frequency of erosive rainfall events across the Australian continent.
"Assessment of the combined effects of land use/ land cover and climate change on soil erosion in the Sile watershed, Ethiopian Rift Valley Lakes Basin",Wolde,2023,Ethiopian Rift Valley Lakes Basin,Ethiopia – Sile watershed,CMIP5,"RCP4.5, RCP8.5",1987–2020,2050,R-factor,RUSLE,ensemble of four RCM models,Distribution mapping (DT) bias correction,Erosion is expected to increase due to the expansion of cultivation and bare land coupled with climate change.,R factor values for 2050 (RCP4.5 and 8.5) range ~700–707 MJ mm ha?¹ hr?¹ year?¹; Soil loss increase: +36.40% to +38.19%.,,Soil erosion in the Sile watershed is projected to worsen significantly by 2050 due to combined climate and land cover changes. Agricultural expansion and increased rainfall erosivity are primary drivers.
Modeling the Impact of Climate Change and Land Use Change Scenarios on Soil Erosion at the Minab Dam Watershed,Azimi Sardari,2019,South Iran,Iran – Minab Dam watershed,CMIP5,"RCP2.6, RCP4.5, RCP8.5",1989–2016,2016–2030,R-factor (Fournier index),RUSLE,CanESM2,SDSM 5.1,"Rainfall and erosivity are projected to increase under all scenarios, with RCP 2.6 showing the highest increase.",Average annual rainfall: 146.7 to 200.1 mm (RCP2.6); Average R factor: 28.78 to 37.27 MJ mm ha?¹ h?¹ y?¹ (RCP2.6).,,"Future rainfall erosivity in the Minab watershed is projected to increase by 2030, particularly under the RCP 2.6 scenario. Land use shifts further exacerbate soil erosion risks."
Integrating ENSO Variability and CMIP6 Projections to Assess Future Rainfall Erosivity in a Tropical Data-Scarce Watershed in Indonesia,Djuraini,2025,Indonesia,Indonesia – Podi Watershed,CMIP6,"SSP2-4.5, SSP5-8.5",1981–2024,2026–2040 (near); 2041–2055 (mid); 2056–2070 (far),R-factor,RUSLE,15 CMIP6 GCMs,Quantile Mapping (QM) bias correction,"Projections suggest potential intensification of rainfall erosivity, especially under high-emission scenarios. Significant sensitivity to ENSO phases.",Sen’s Slope: 4.55 for SSP5-8.5 far future period.,data-scarce region; high temporal variability of tropical rainfall; GCM underestimation of extremes,Rainfall erosivity in the Podi Watershed is highly sensitive to ENSO variability and is projected to intensify under future CMIP6 scenarios. Robust bias correction is critical for accurate assessment in tropical regions.
"Soil Erosion Responses to CMIP6 Climate Scenarios and Land Cover Changes in the Gidabo Watershed, Ethiopia: Implications for Sustainable Watershed Management",Dogiso,2025,Gidabo Watershed,Ethiopia – Gidabo Watershed,CMIP6,"SSP2-4.5, SSP5-8.5",1995–2014,2021–2040 (near future); 2041–2060 (mid-future),R-factor,InVEST-SDR,Six CMIP6 GCMs,quantile mapping,Annual precipitation shows insignificantly increasing trends; erosivity (R-factor) fluctuates; erosion primarily driven by agricultural expansion.,R-factor High: 541.66 (baseline) to 510.89 (mid-future SSP5-8.5); Soil loss High: 145.26 to 178.407 t/ha/yr.,extreme precipitation biases; localized climate processes,"Soil erosion in the Gidabo Watershed is projected to increase, primarily driven by expanding agriculture and declining vegetation cover. Future watershed management must mitigate these risks through reforestation and terracing."
Assessment of soil erosion risk in the mountainous region of northeastern Türkiye based on the RUSLE,Gezici,2025,northeastern Türkiye,Türkiye – Oltu Basin,CMIP6,"SSP2-4.5, SSP5-8.5",2023,2041–2060; 2061–2080,R-factor,RUSLE,MPI-ESM1-2-HR,WorldClim downscaled CMIP6 data,Average R-factor and soil loss show slight variations; severe risk areas concentrated in northwestern and central parts; erosion increase in western basin.,"Current R-factor: 148.64; Future R-factor (SSP5-8.5, 2041-2060): 150.94 MJ mm/ha/h/yr; Current average soil loss: 49.90 t/ha/yr.",limited access to short-duration rainfall data; scale effects of global soil maps,"Soil erosion risk in the Oltu Basin is predominantly very low, though severe risk persists in central and northwestern regions. Climate change scenarios suggest continued vulnerability, necessitating targeted erosion control."
"Performance Evaluation of CMIP6 Climate Models for Rainfall and Erosivity in the Thamirabharani Basin, India",Jeilani,2025,India,India – Thamirabharani River Basin,CMIP6,"SSP2-4.5, SSP5-8.5",1950–2014,"2021–2040 (near), 2041–2070 (mid), 2071–2100 (far)",Rainfall erosivity,MCDM/GDM for GCM selection,35 CMIP6 GCMs from NASA NEX-GDDP,bias-correction and spatial downscaling (NEX-GDDP),Precipitation and rainfall erosivity show a gradual spatial increase from baseline through the far future.,Rainfall/Erosivity rise by 1.34/1.40 times (SSP4.5) to 1.54/1.47 times (SSP8.5) in future. Average Rainfall: 929.57 to 1536.32 mm (far SSP8.5).,GCM selection challenges; temporal variability smoothed by gridding,"ACCESS-CM2 is identified as the top-performing model for the basin. Rainfall and erosivity are projected to rise significantly by the end of the 21st century, especially under high-emission scenarios."
Climate Change Impacts on Soil Erosion in the Ceyhan Basin Using the RUSLE Model under the SSP5-8.5 Scenario,K?l?ç,2025,Ceyhan Basin,Türkiye – Ceyhan Basin,CMIP6,SSP5-8.5,1995–2014,2041–2060,R-factor,RUSLE,MPI-ESM1-2-LR,NEX-GDDP-CMIP6 downscaled data; GEE cloud computing,Emerging erosion hotspots identified in southern and central areas due to intensified erosion under SSP5-8.5; peak values increase.,Mean soil loss: 4.424 (baseline) to 5.182 t ha?¹ yr?¹ (2041-2060); Rainfall erosivity enhancement: 7.6%.,lack of kilometer-resolution datasets; internal climate variability; sub-daily rainfall data needs,High-emission scenario SSP5-8.5 is projected to increase rainfall erosivity and soil loss in the Ceyhan Basin by 2060. Southern and central areas will see intensified degradation.
Evaluation of Future Sediment Yield and Sediment Retention Capacity with InVEST Model under Climate Change Scenarios in Ye?il?rmak Basin,K?l?ç,2022,Ye?il?rmak Basin,Türkiye – Ye?il?rmak Basin,CMIP5,"RCP4.5, RCP8.5",1979–2013,"2050, 2070",R-factor,InVEST-SDR,GFDL-CM3,CHELSA high-resolution climatology,Total sediment yield is projected to decrease in the future across most sub-basins; sediment retention capacity declines.,"R-factor baseline (max 230.56) to 2050 RCP4.5 (max 219.89); Total sediment yield (baseline): 51,072,566 ton/yr.",challenges in determining support practice factors at large scale,"Climate change is projected to decrease the sediment retention capacity of the Ye?il?rmak Basin by 2070. High-emission scenarios predict significant declines, posing risks to ecosystem services."
"Rainfall Erosivity Characteristics during 1961–2100 in the Loess Plateau, China",Li,2024,Loess Plateau,China – Loess Plateau,CMIP6,"SSP1-2.6, SSP2-4.5, SSP3-7.0, SSP5-8.5",1961–2014,2015–2100,Rainfall erosivity (R),statistical analysis,ensemble of 10 best-performing CMIP6 GCMs,Delta downscaling method,Corrected spatial characteristics show that original GCMs overestimate rainfall; MME results align well with observed patterns.,MME downscaled R²: 0.93; MAE: 11.03 mm; RMSE: 15.88 mm for precipitation.,uncertainty in single GCM predictions; influence of topography on downscaling,A multi-model ensemble of 10 CMIP6 models effectively predicts rainfall erosivity in the Loess Plateau by correcting GCM overestimations. The study provides a robust baseline for long-term conservation planning.
Land use and climate change-induced soil erosion mapping in a sub-tropical environment,Pal,2023,sub-tropical Ganga basin,India – Kangsabati river basin,CMIP6,"SSP1-2.6, SSP2-4.5, SSP3-7.0, SSP5-8.5",,2100,R-factor,RUSLE; CA-Markov,ensemble members,quantile method (QM),Projected R factor increases under all SSPs; LULC changes show expansion of built-up areas.,R factor baseline ranges 371–469 MJ mm/ha/h/yr to up to approximately 493 MJ mm/ha/h/yr by 2100.,bias correction performance variation across scenarios,Future soil erosion in the Kangsabati basin is expected to intensify by 2100. Rising rainfall erosivity combined with significant urban expansion will likely lead to severe soil degradation.
A robust assessment of rainfall erosivity changes over China through an ensemble of high-resolution climate models,Weng,2022,China (8 sub-regions),China,CMIP5,"RCP4.5, RCP8.5",1986–2005,2071–2090,R-factor,RCM ensemble,ensemble of 5 high-resolution RCMs,high-resolution dynamical downscaling (CORDEX),Increasing trend in annual erosivity for all RCMs; Southwest karst and Qinghai-Tibet plateau highly sensitive to radiative forcing.,Average change: +13.0% (RCP4.5) and +22.1% (RCP8.5). China overall R factor: +365.8 (RCP4.5) to +617.2 (RCP8.5).,RCM overestimation of erosivity in certain months compared to APHRODITE.,National-scale changes in China's rainfall erosivity are reliably assessed using an ensemble of high-resolution RCMs. Projections suggest substantial increases under high-emission scenarios.
Unveiling Divergent Trends in Soil Erosion and Soil Organic Carbon Displacement in Response to Climate and Land-Use Changes over China,Weng,2025,China (8 sub-regions),China,both,"RCP8.5, SSP5-8.5",1986–2005,2031–2050,R-factor,RUSLE,5 CMIP5 RCMs + 5 CMIP6-HighResMIP GCMs,dynamical downscaling (CORDEX and HighResMIP),CMIP6 projects less rainfall erosivity increase than CMIP5; divergent trends in erosion and SOC displacement observed nationally.,National R factor (baseline): 4276 (CMIP5) to 4586 (CMIP6). CMIP6 project average erosion reduction of 39 t km?² a?¹.,vegetation cover overestimation in CMIP6; coarse resolution limits of SOC data,Divergent trends in China's soil erosion and carbon displacement are driven by high-emission pathways and land use shifts. CMIP6 models offer a more detailed and refined assessment.
Past and projected climate change impacts on rainfall erosivity: Advancing our knowledge for the eastern Mediterranean island of Crete,Grillakis,2020,Crete,Greece – island of Crete,CMIP5,"RCP2.6, RCP4.5, RCP8.5",1981–2010,"2021–2050 (near), 2070–2099 (far)",R-factor (EI30),RUSLE,5 EUR-11 CORDEX RCMs,MSBC quantile mapping bias correction,Significant spatial variability; western mountainous regions have much higher rainfall/erosivity than eastern parts.,Island average rainfall: 878 mm/yr. R-factor matches observations after bias correction.,limited sub-hourly data; representativeness of station networks; stationarity assumptions,Rainfall erosivity projections for Crete show high sensitivity to climate scenarios. Validated bias-correction methods significantly enhance the reliability of Mediterranean erosion assessments.
"The Impact of Climate Change and Land Use on Soil Erosion Using the RUSLE Model in the Tigrigra Watershed (Azrou Region, Middle Atlas, Morocco)",Saouita,2026,"Middle Atlas, Morocco",Morocco – Tigrigra watershed,CMIP5,"RCP2.6, RCP4.5",1991–2023,2024–2050,R-factor,RUSLE; CA-Markov,CanESM2,SDSM statistical downscaling,Erosion maps reveal highly vulnerable mountainous zones; high erosion risk classes show declines while very low classes increase.,Average annual erosion decrease from 17 to 15 t/ha/year by 2050. Erosion: 15.30 (RCP2.6) to 15.86 t/ha/year (RCP4.5).,overgrazing impacts on vegetation density; LULC simulation reliability,Soil erosion in the Tigrigra watershed is driven by the interaction of climate and land use changes. Shifting erosivity patterns necessitate strategic management of rangeland and forest resources.
Spatiotemporal prioritization of soil erosion risk using the RUSLE model and CMIP6 projections under future climate scenarios in a Mediterranean watershed,?pek,2026,Mediterranean watershed,Türkiye – Küçük Menderes River Basin,CMIP6,"SSP2-4.5, SSP5-8.5",1970–2000,"2021–2040, 2041–2060, 2061–2080, 2081–2100",R-factor (EI30),RUSLE,13 CMIP6 GCMs,WorldClim high-resolution climate data,SSP2-4.5 shows small fluctuations; SSP5-8.5 projects reductions driven by decreased precipitation; hotspots controlled by topography.,Baseline R-factor: 1250.4; Far future (2081-2100) SSP5-8.5: 986.6 MJ mm ha?¹ h?¹ yr?¹. Baseline soil loss: 29.56 t ha?¹ yr?¹.,limited sub-hourly precipitation data; empirical R-factor formula choice,"Spatiotemporal prioritization identifies persistent high-risk hotspots controlled by steep topography. Despite projected erosivity decreases under some scenarios, targeted conservation remains essential."
